<!--Tue Feb 11 02:34:08 2014 -->
<configuration>

	<property>
		<name>hbase.regionserver.global.memstore.lowerLimit</name>
		<value>0.38</value>
	</property>
	<property>
		<name>zookeeper.session.timeout</name>
		<value>30000</value>
	</property>

	<property>
		<name>hbase.security.authorization</name>
		<value>false</value>
	</property>
	<property>
		<name>hbase.cluster.distributed</name>
		<value>true</value>
	</property>
	
	<property>
		<name>hbase.hstore.flush.retries.number</name>
		<value>120</value>
	</property>
	<property>
		<name>hbase.hregion.memstore.block.multiplier</name>
		<value>4</value>
	</property>
	<property>
		<name>hbase.hstore.blockingStoreFiles</name>
		<value>200</value>
	</property>
	<property>
		<name>hbase.defaults.for.version.skip</name>
		<value>true</value>
	</property>
	<property>
		<name>hbase.regionserver.global.memstore.upperLimit</name>
		<value>0.4</value>
	</property>
	<property>
		<name>hbase.hregion.memstore.mslab.enabled</name>
		<value>true</value>
	</property>
	<property>
		<name>hbase.client.keyvalue.maxsize</name>
		<value>10485760</value>
	</property>
	<property>
		<name>hbase.superuser</name>
		<value>hbase</value>
	</property>
	<property>
		<name>hfile.block.cache.size</name>
		<value>0.40</value>
	</property>
	<property>
		<name>zookeeper.znode.parent</name>
		<value>/hbase-unsecure</value>
	</property>
	<property>
		<name>hbase.hregion.max.filesize</name>
		<value>10737418240</value>
	</property>
	<property>
		<name>hbase.zookeeper.property.clientPort</name>
		<value>2181</value>
	</property>
	<property>
		<name>hbase.security.authentication</name>
		<value>simple</value>
	</property>
	<property>
		<name>hbase.client.scanner.caching</name>
		<value>100</value>
	</property>
	<property>
		<name>hbase.hregion.memstore.flush.size</name>
		<value>134217728</value>
	</property>
	<property>
		<name>hbase.hregion.majorcompaction</name>
		<value>86400000</value>
	</property>
	 <property>
      <name>hbase.zookeeper.property.clientPort</name>
      <value>2181</value>
    </property>

    <property>
      <name>hbase.zookeeper.quorum</name>
      <value>zkpr1</value>
    </property>

	<property>
		<name>hbase.client.write.buffer</name>
		<value>500000000</value>
	</property>
</configuration>