<?xml version="1.0" encoding="ISO-8859-1" ?>
<rule-definitions>
	<rule>
		<pattern>.*host\"\:\{"ip_dst_addr\"\:\{\},\"ip_src_addr\"\:\{\}.*</pattern>
		<alert>{"type":"error","priority":5, "title":"No Local Hostname Present", "body":
			"We don't have a record for source or destination IPs in our internal database."}
		</alert>
	</rule>
	<rule>
		<pattern>.*whois\"\:\{\"tld\"\:\{\}.*</pattern>
		<alert>{"type":"warning","priority":10, "title":"Whois domain unknown", "body":
			"Could not locate whois information for tld"}</alert>
	</rule>
	<rule>
		<pattern>^((?!country\"\:\"US\").)*$</pattern>
		<alert>{"type":"warning","priority":10, "title":"NOT US IP", "body": "Communication contains a non-US IP"}</alert>
	</rule>
	<rule>
		<pattern>.*geo.*</pattern>
		<alert>{"type":"error","priority":1, "title":"test", "body": "test alert"}</alert>
	</rule>
</rule-definitions>


