<?xml version="1.0" encoding="UTF-8"?>
<project xmlns="http://maven.apache.org/POM/4.0.0" xmlns:xsi="http://www.w3.org/2001/XMLSchema-instance" xsi:schemaLocation="http://maven.apache.org/POM/4.0.0 http://maven.apache.org/maven-v4_0_0.xsd">
  <parent>
    <artifactId>OpenSOC-Streaming</artifactId>
    <groupId>com.opensoc</groupId>
    <version>0.7BETA</version>
  </parent>
  <modelVersion>4.0.0</modelVersion>
  <artifactId>OpenSOC-DataLoads</artifactId>
  <build>
    <sourceDirectory>src</sourceDirectory>
    <resources>
      <resource>
        <directory>src</directory>
        <excludes>
          <exclude>**/*.java</exclude>
        </excludes>
      </resource>
    </resources>
    <plugins>
      <plugin>
        <artifactId>maven-compiler-plugin</artifactId>
        <version>3.1</version>
        <configuration>
          <source>1.7</source>
          <target>1.7</target>
        </configuration>
      </plugin>
      <plugin>
        <artifactId>maven-shade-plugin</artifactId>
        <version>2.3</version>
        <executions>
          <execution>
            <phase>package</phase>
            <goals>
              <goal>shade</goal>
            </goals>
            <configuration>
              <minimizeJar>true</minimizeJar>
              <artifactSet>
                <excludes>
                  <exclude>classworlds:classworlds</exclude>
                  <exclude>junit:junit</exclude>
                  <exclude>jmock:*</exclude>
                  <exclude>*:xml-apis</exclude>
                  <exclude>*slf4j*</exclude>
                  <exclude>org.apache.maven:lib:tests</exclude>
                  <exclude>log4j:log4j:jar:</exclude>
                  <exclude>*:hbase:*</exclude>
                  <exclude>org.apache.hadoop.yarn.util.package-info*</exclude>
                </excludes>
              </artifactSet>
            </configuration>
          </execution>
        </executions>
      </plugin>
    </plugins>
  </build>
  <dependencies>
    <dependency>
      <groupId>org.apache.storm</groupId>
      <artifactId>storm-core</artifactId>
      <version>0.9.2-incubating</version>
      <scope>provided</scope>
      <exclusions>
        <exclusion>
          <artifactId>servlet-api</artifactId>
          <groupId>javax.servlet</groupId>
        </exclusion>
        <exclusion>
          <artifactId>clojure</artifactId>
          <groupId>org.clojure</groupId>
        </exclusion>
        <exclusion>
          <artifactId>clj-time</artifactId>
          <groupId>clj-time</groupId>
        </exclusion>
        <exclusion>
          <artifactId>compojure</artifactId>
          <groupId>compojure</groupId>
        </exclusion>
        <exclusion>
          <artifactId>hiccup</artifactId>
          <groupId>hiccup</groupId>
        </exclusion>
        <exclusion>
          <artifactId>ring-devel</artifactId>
          <groupId>ring</groupId>
        </exclusion>
        <exclusion>
          <artifactId>ring-jetty-adapter</artifactId>
          <groupId>ring</groupId>
        </exclusion>
        <exclusion>
          <artifactId>tools.logging</artifactId>
          <groupId>org.clojure</groupId>
        </exclusion>
        <exclusion>
          <artifactId>math.numeric-tower</artifactId>
          <groupId>org.clojure</groupId>
        </exclusion>
        <exclusion>
          <artifactId>tools.cli</artifactId>
          <groupId>org.clojure</groupId>
        </exclusion>
        <exclusion>
          <artifactId>commons-exec</artifactId>
          <groupId>org.apache.commons</groupId>
        </exclusion>
        <exclusion>
          <artifactId>curator-framework</artifactId>
          <groupId>org.apache.curator</groupId>
        </exclusion>
        <exclusion>
          <artifactId>carbonite</artifactId>
          <groupId>com.twitter</groupId>
        </exclusion>
        <exclusion>
          <artifactId>snakeyaml</artifactId>
          <groupId>org.yaml</groupId>
        </exclusion>
        <exclusion>
          <artifactId>httpclient</artifactId>
          <groupId>org.apache.httpcomponents</groupId>
        </exclusion>
        <exclusion>
          <artifactId>disruptor</artifactId>
          <groupId>com.googlecode.disruptor</groupId>
        </exclusion>
        <exclusion>
          <artifactId>jgrapht-core</artifactId>
          <groupId>org.jgrapht</groupId>
        </exclusion>
        <exclusion>
          <artifactId>logback-classic</artifactId>
          <groupId>ch.qos.logback</groupId>
        </exclusion>
        <exclusion>
          <artifactId>log4j-over-slf4j</artifactId>
          <groupId>org.slf4j</groupId>
        </exclusion>
      </exclusions>
    </dependency>
    <dependency>
      <groupId>junit</groupId>
      <artifactId>junit</artifactId>
      <version>3.8.2</version>
      <scope>compile</scope>
    </dependency>
  </dependencies>
  <properties>
    <project.reporting.outputEncoding>UTF-8</project.reporting.outputEncoding>
    <project.build.sourceEncoding>UTF-8</project.build.sourceEncoding>
  </properties>
</project>

