<!--Tue Apr  1 18:16:39 2014-->
  <configuration>
    <property>
    <name>hbase.tmp.dir</name>
    <value>/disk/h/hbase</value>
  </property>
    <property>
    <name>hbase.hregion.memstore.chunkpool.maxsize</name>
    <value>0.5</value>
  </property>
    <property>
    <name>hbase.regionserver.codecs</name>
    <value>lzo,gz,snappy</value>
  </property>
    <property>
    <name>hbase.hstore.flush.retries.number</name>
    <value>120</value>
  </property>
    <property>
    <name>hbase.client.keyvalue.maxsize</name>
    <value>10485760</value>
  </property>
    <property>
    <name>hbase.rootdir</name>
    <value>hdfs://nn1:8020/apps/hbase/data</value>
  </property>
    <property>
    <name>hbase.defaults.for.version.skip</name>
    <value>true</value>
  </property>
    <property>
    <name>hbase.client.scanner.caching</name>
    <value>100</value>
  </property>
    <property>
    <name>hbase.superuser</name>
    <value>hbase</value>
  </property>
    <property>
    <name>hfile.block.cache.size</name>
    <value>0.40</value>
  </property>
    <property>
    <name>hbase.regionserver.checksum.verify</name>
    <value>true</value>
  </property>
    <property>
    <name>hbase.hregion.memstore.mslab.enabled</name>
    <value>true</value>
  </property>
    <property>
    <name>hbase.hregion.max.filesize</name>
    <value>107374182400</value>
  </property>
    <property>
    <name>hbase.cluster.distributed</name>
    <value>true</value>
  </property>
    <property>
    <name>zookeeper.session.timeout</name>
    <value>30000</value>
  </property>
    <property>
    <name>zookeeper.znode.parent</name>
    <value>/hbase-unsecure</value>
  </property>
    <property>
    <name>hbase.regionserver.global.memstore.lowerLimit</name>
    <value>0.38</value>
  </property>
    <property>
    <name>hbase.regionserver.handler.count</name>
    <value>240</value>
  </property>
    <property>
    <name>hbase.hregion.memstore.mslab.chunksize</name>
    <value>8388608</value>
  </property>
    <property>
    <name>hbase.zookeeper.quorum</name>
    <value>zkpr1,zkpr2,zkpr3</value>
  </property>
    <property>
    <name>hbase.zookeeper.useMulti</name>
    <value>true</value>
  </property>
    <property>
    <name>hbase.hregion.majorcompaction</name>
    <value>86400000</value>
  </property>
    <property>
    <name>hbase.hstore.blockingStoreFiles</name>
    <value>200</value>
  </property>
    <property>
    <name>hbase.zookeeper.property.clientPort</name>
    <value>2181</value>
  </property>
    <property>
    <name>hbase.hregion.memstore.flush.size</name>
    <value>134217728</value>
  </property>
    <property>
    <name>hbase.security.authorization</name>
    <value>false</value>
  </property>
    <property>
    <name>hbase.regionserver.global.memstore.upperLimit</name>
    <value>0.4</value>
  </property>
    <property>
    <name>hbase.hstore.compactionThreshold</name>
    <value>4</value>
  </property>
    <property>
    <name>hbase.hregion.memstore.block.multiplier</name>
    <value>8</value>
  </property>
    <property>
    <name>hbase.security.authentication</name>
    <value>simple</value>
  </property>
    <property>
    <name>dfs.client.read.shortcircuit</name>
    <value>true</value>
  </property>
  </configuration>